Workbook

Sheet baseline_results_cube
A1: testName | B1: mode | C1: objectCount | D1: meshVariantCount | E1: materialVariantCount | F1: repetition | G1: warmupSeconds | H1: measureSeconds | I1: avgFps | J1: minFps | K1: maxFps | L1: avgFrameTimeMs | M1: minFrameTimeMs | N1: maxFrameTimeMs | O1: runtimeDrawCallsAvg | P1: runtimeDrawCallsMin | Q1: runtimeDrawCallsMax | R1: objectRenderMeshInstances | S1: browser | T1: resolution | U1: deviceNotes
A2: baseline_cube_1000 | B2: baseline | C2: 1000 | D2: 1 | E2: 1 | F2: 1 | G2: 3 | H2: 10 | I2: 60.005 | J2: 58.824 | K2: 61.35 | L2: 16.666 | M2: 16.3 | N2: 17 | O2: 1001 | P2: 1001 | Q2: 1001 | R2: 1000 | S2: Chrome | T2: 1920x1080
A3: baseline_cube_1000 | B3: baseline | C3: 1000 | D3: 1 | E3: 1 | F3: 2 | G3: 3 | H3: 10 | I3: 60.005 | J3: 59.172 | K3: 60.976 | L3: 16.666 | M3: 16.4 | N3: 16.9 | O3: 1001 | P3: 1001 | Q3: 1001 | R3: 1000 | S3: Chrome | T3: 1920x1080
A4: baseline_cube_1000 | B4: baseline | C4: 1000 | D4: 1 | E4: 1 | F4: 3 | G4: 3 | H4: 10 | I4: 60.006 | J4: 59.172 | K4: 61.35 | L4: 16.666 | M4: 16.3 | N4: 16.9 | O4: 1001 | P4: 1001 | Q4: 1001 | R4: 1000 | S4: Chrome | T4: 1920x1080
A5: baseline_cube_2000 | B5: baseline | C5: 2000 | D5: 1 | E5: 1 | F5: 1 | G5: 3 | H5: 10 | I5: 60.005 | J5: 58.824 | K5: 61.35 | L5: 16.666 | M5: 16.3 | N5: 17 | O5: 2001 | P5: 2001 | Q5: 2001 | R5: 2000 | S5: Chrome | T5: 1920x1080
A6: baseline_cube_2000 | B6: baseline | C6: 2000 | D6: 1 | E6: 1 | F6: 2 | G6: 3 | H6: 10 | I6: 60.006 | J6: 59.172 | K6: 60.976 | L6: 16.666 | M6: 16.4 | N6: 16.9 | O6: 2001 | P6: 2001 | Q6: 2001 | R6: 2000 | S6: Chrome | T6: 1920x1080
A7: baseline_cube_2000 | B7: baseline | C7: 2000 | D7: 1 | E7: 1 | F7: 3 | G7: 3 | H7: 10 | I7: 60.006 | J7: 58.824 | K7: 60.976 | L7: 16.666 | M7: 16.4 | N7: 17 | O7: 2001 | P7: 2001 | Q7: 2001 | R7: 2000 | S7: Chrome | T7: 1920x1080
A8: baseline_cube_3000 | B8: baseline | C8: 3000 | D8: 1 | E8: 1 | F8: 1 | G8: 3 | H8: 10 | I8: 59.262 | J8: 10 | K8: 60.976 | L8: 17.269 | M8: 16.4 | N8: 100 | O8: 3001 | P8: 3001 | Q8: 3001 | R8: 3000 | S8: Chrome | T8: 1920x1080
A9: baseline_cube_3000 | B9: baseline | C9: 3000 | D9: 1 | E9: 1 | F9: 2 | G9: 3 | H9: 10 | I9: 60.005 | J9: 59.172 | K9: 60.976 | L9: 16.666 | M9: 16.4 | N9: 16.9 | O9: 3001 | P9: 3001 | Q9: 3001 | R9: 3000 | S9: Chrome | T9: 1920x1080
A10: baseline_cube_3000 | B10: baseline | C10: 3000 | D10: 1 | E10: 1 | F10: 3 | G10: 3 | H10: 10 | I10: 59.887 | J10: 20 | K10: 60.976 | L10: 16.749 | M10: 16.4 | N10: 50 | O10: 3001 | P10: 3001 | Q10: 3001 | R10: 3000 | S10: Chrome | T10: 1920x1080
A11: baseline_cube_4000 | B11: baseline | C11: 4000 | D11: 1 | E11: 1 | F11: 1 | G11: 3 | H11: 10 | I11: 60.006 | J11: 59.172 | K11: 60.976 | L11: 16.665 | M11: 16.4 | N11: 16.9 | O11: 4001 | P11: 4001 | Q11: 4001 | R11: 4000 | S11: Chrome | T11: 1920x1080
A12: baseline_cube_4000 | B12: baseline | C12: 4000 | D12: 1 | E12: 1 | F12: 2 | G12: 3 | H12: 10 | I12: 60.005 | J12: 58.48 | K12: 61.35 | L12: 16.666 | M12: 16.3 | N12: 17.1 | O12: 4001 | P12: 4001 | Q12: 4001 | R12: 4000 | S12: Chrome | T12: 1920x1080
A13: baseline_cube_4000 | B13: baseline | C13: 4000 | D13: 1 | E13: 1 | F13: 3 | G13: 3 | H13: 10 | I13: 60.006 | J13: 59.172 | K13: 60.606 | L13: 16.665 | M13: 16.5 | N13: 16.9 | O13: 4001 | P13: 4001 | Q13: 4001 | R13: 4000 | S13: Chrome | T13: 1920x1080
... A31: baseline_cube_10000 | B31: baseline | C31: 10000 | D31: 1 | E31: 1 | F31: 3 | G31: 3 | H31: 10 | I31: 32.319 | J31: 14.993 | K31: 60.241 | L31: 32.31 | M31: 16.6 | N31: 66.7 | O31: 10001 | P31: 10001 | Q31: 10001 | R31: 10000 | S31: Chrome | T31: 1920x1080

Sheet baseline_summary
A3: ObjectCount | B3: Average of avgFps | C3: Average of avgFrameTimeMs | D3: Average of runtimeDrawCallsAvg | E3: Average of objectRenderMeshInstances
A4: 1000 | B4: 60.005333 | C4: 16.666 | D4: 1001 | E4: 1000
A5: 2000 | B5: 60.005667 | C5: 16.666 | D5: 2001 | E5: 2000
A6: 3000 | B6: 59.718 | C6: 16.894667 | D6: 3001 | E6: 3000
A7: 4000 | B7: 60.005667 | C7: 16.665333 | D7: 4001 | E7: 4000
A8: 5000 | B8: 59.371 | C8: 17.024 | D8: 5001 | E8: 5000
A9: 6000 | B9: 54.250667 | C9: 19.907333 | D9: 6001 | E9: 6000
A10: 7000 | B10: 40.739333 | C10: 27.588333 | D10: 7001 | E10: 7000
A11: 8000 | B11: 35.153667 | C11: 31.216667 | D11: 8001 | E11: 8000
A12: 9000 | B12: 36.853333 | C12: 29.910333 | D12: 9001 | E12: 9000
A13: 10000 | B13: 31.599 | C13: 32.981 | D13: 10001 | E13: 10000
A14: Grand Total | B14: 49.770167 | C14: 22.551967 | D14: 5501 | E14: 5500

Sheet batching_results_cube
A1: testName | B1: mode | C1: objectCount | D1: repetition | E1: avgFps | F1: avgFrameTimeMs | G1: runtimeDrawCallsAvg | H1: objectRenderMeshInstances | I1: analysedGroupCount | J1: analysedBatchingCandidateGroups | K1: analysedLargestGroupSize | L1: optimisedAssignedObjectCount | M1: optimisedUsedGroupCount | N1: optimisedSkippedGroupCount
A2: batching_cube_test_1000 | B2: batching | C2: 1000 | D2: 1 | E2: 60.004 | F2: 16.666 | G2: 4 | H2: 1000 | I2: 3 | J2: 3 | K2: 334 | L2: 1000 | M2: 3 | N2: 0
A3: batching_cube_test_1000 | B3: batching | C3: 1000 | D3: 2 | E3: 59.929 | F3: 16.75 | G3: 4 | H3: 1000 | I3: 3 | J3: 3 | K3: 334 | L3: 1000 | M3: 3 | N3: 0
A4: batching_cube_test_1000 | B4: batching | C4: 1000 | D4: 3 | E4: 59.955 | F4: 16.694 | G4: 4 | H4: 1000 | I4: 3 | J4: 3 | K4: 334 | L4: 1000 | M4: 3 | N4: 0
A5: batching_cube_test_2000 | B5: batching | C5: 2000 | D5: 1 | E5: 60.006 | F5: 16.666 | G5: 4 | H5: 2000 | I5: 3 | J5: 3 | K5: 667 | L5: 2000 | M5: 3 | N5: 0
A6: batching_cube_test_2000 | B6: batching | C6: 2000 | D6: 2 | E6: 60.006 | F6: 16.666 | G6: 4 | H6: 2000 | I6: 3 | J6: 3 | K6: 667 | L6: 2000 | M6: 3 | N6: 0
A7: batching_cube_test_2000 | B7: batching | C7: 2000 | D7: 3 | E7: 60.008 | F7: 16.665 | G7: 4 | H7: 2000 | I7: 3 | J7: 3 | K7: 667 | L7: 2000 | M7: 3 | N7: 0
A8: batching_cube_test_3000 | B8: batching | C8: 3000 | D8: 1 | E8: 60.006 | F8: 16.666 | G8: 4 | H8: 3000 | I8: 3 | J8: 3 | K8: 1000 | L8: 3000 | M8: 3 | N8: 0
A9: batching_cube_test_3000 | B9: batching | C9: 3000 | D9: 2 | E9: 60.007 | F9: 16.666 | G9: 4 | H9: 3000 | I9: 3 | J9: 3 | K9: 1000 | L9: 3000 | M9: 3 | N9: 0
A10: batching_cube_test_3000 | B10: batching | C10: 3000 | D10: 3 | E10: 60.006 | F10: 16.666 | G10: 4 | H10: 3000 | I10: 3 | J10: 3 | K10: 1000 | L10: 3000 | M10: 3 | N10: 0
A11: batching_cube_test_4000 | B11: batching | C11: 4000 | D11: 1 | E11: 59.957 | F11: 16.693 | G11: 4 | H11: 4000 | I11: 3 | J11: 3 | K11: 1334 | L11: 4000 | M11: 3 | N11: 0
A12: batching_cube_test_4000 | B12: batching | C12: 4000 | D12: 2 | E12: 59.957 | F12: 16.693 | G12: 4 | H12: 4000 | I12: 3 | J12: 3 | K12: 1334 | L12: 4000 | M12: 3 | N12: 0
A13: batching_cube_test_4000 | B13: batching | C13: 4000 | D13: 3 | E13: 60.005 | F13: 16.666 | G13: 4 | H13: 4000 | I13: 3 | J13: 3 | K13: 1334 | L13: 4000 | M13: 3 | N13: 0
... A34: batching_cube_test_15000 | B34: batching | C34: 15000 | D34: 3 | E34: 60.006 | F34: 16.666 | G34: 4 | H34: 15000 | I34: 3 | J34: 3 | K34: 5000 | L34: 15000 | M34: 3 | N34: 0

Sheet batching_summary
A1: ObjectCount | B1: Baseline Draw Calls | C1: Batching Draw Calls
A2: 1000 | B2: =AVERAGEIF(baseline_results_cube!C:C,A2,baseline_results_cube!O:O) -> 1001 | C2: =AVERAGEIF(batching_results_cube!C:C,A2,batching_results_cube!G:G) -> 4
A3: 2000 | B3: =AVERAGEIF(baseline_results_cube!C:C,A3,baseline_results_cube!O:O) -> 2001 | C3: =AVERAGEIF(batching_results_cube!C:C,A3,batching_results_cube!G:G) -> 4
A4: 3000 | B4: =AVERAGEIF(baseline_results_cube!C:C,A4,baseline_results_cube!O:O) -> 3001 | C4: =AVERAGEIF(batching_results_cube!C:C,A4,batching_results_cube!G:G) -> 4
A5: 4000 | B5: =AVERAGEIF(baseline_results_cube!C:C,A5,baseline_results_cube!O:O) -> 4001 | C5: =AVERAGEIF(batching_results_cube!C:C,A5,batching_results_cube!G:G) -> 4
A6: 5000 | B6: =AVERAGEIF(baseline_results_cube!C:C,A6,baseline_results_cube!O:O) -> 5001 | C6: =AVERAGEIF(batching_results_cube!C:C,A6,batching_results_cube!G:G) -> 4
A7: 6000 | B7: =AVERAGEIF(baseline_results_cube!C:C,A7,baseline_results_cube!O:O) -> 6001 | C7: =AVERAGEIF(batching_results_cube!C:C,A7,batching_results_cube!G:G) -> 4
A8: 7000 | B8: =AVERAGEIF(baseline_results_cube!C:C,A8,baseline_results_cube!O:O) -> 7001 | C8: =AVERAGEIF(batching_results_cube!C:C,A8,batching_results_cube!G:G) -> 4
A9: 8000 | B9: =AVERAGEIF(baseline_results_cube!C:C,A9,baseline_results_cube!O:O) -> 8001 | C9: =AVERAGEIF(batching_results_cube!C:C,A9,batching_results_cube!G:G) -> 4
A10: 9000 | B10: =AVERAGEIF(baseline_results_cube!C:C,A10,baseline_results_cube!O:O) -> 9001 | C10: =AVERAGEIF(batching_results_cube!C:C,A10,batching_results_cube!G:G) -> 4
A11: 10000 | B11: =AVERAGEIF(baseline_results_cube!C:C,A11,baseline_results_cube!O:O) -> 10001 | C11: =AVERAGEIF(batching_results_cube!C:C,A11,batching_results_cube!G:G) -> 4

Sheet summary
A1: ObjectCount | B1: Baseline Draw Calls | C1: Batching Draw Calls | D1: Instancing Draw Calls
A2: 1000 | B2: =AVERAGEIF(baseline_results_cube!C:C,A2,baseline_results_cube!O:O) -> 1001 | C2: =AVERAGEIF(batching_results_cube!C:C,A2,batching_results_cube!G:G) -> 4 | D2: 7
A3: 2000 | B3: =AVERAGEIF(baseline_results_cube!C:C,A3,baseline_results_cube!O:O) -> 2001 | C3: =AVERAGEIF(batching_results_cube!C:C,A3,batching_results_cube!G:G) -> 4 | D3: 7
A4: 3000 | B4: =AVERAGEIF(baseline_results_cube!C:C,A4,baseline_results_cube!O:O) -> 3001 | C4: =AVERAGEIF(batching_results_cube!C:C,A4,batching_results_cube!G:G) -> 4 | D4: 7
A5: 4000 | B5: =AVERAGEIF(baseline_results_cube!C:C,A5,baseline_results_cube!O:O) -> 4001 | C5: =AVERAGEIF(batching_results_cube!C:C,A5,batching_results_cube!G:G) -> 4 | D5: 7
A6: 5000 | B6: =AVERAGEIF(baseline_results_cube!C:C,A6,baseline_results_cube!O:O) -> 5001 | C6: =AVERAGEIF(batching_results_cube!C:C,A6,batching_results_cube!G:G) -> 4 | D6: 7
A7: 6000 | B7: =AVERAGEIF(baseline_results_cube!C:C,A7,baseline_results_cube!O:O) -> 6001 | C7: =AVERAGEIF(batching_results_cube!C:C,A7,batching_results_cube!G:G) -> 4 | D7: 7
A8: 7000 | B8: =AVERAGEIF(baseline_results_cube!C:C,A8,baseline_results_cube!O:O) -> 7001 | C8: =AVERAGEIF(batching_results_cube!C:C,A8,batching_results_cube!G:G) -> 4 | D8: 7
A9: 8000 | B9: =AVERAGEIF(baseline_results_cube!C:C,A9,baseline_results_cube!O:O) -> 8001 | C9: =AVERAGEIF(batching_results_cube!C:C,A9,batching_results_cube!G:G) -> 4 | D9: 7
A10: 9000 | B10: =AVERAGEIF(baseline_results_cube!C:C,A10,baseline_results_cube!O:O) -> 9001 | C10: =AVERAGEIF(batching_results_cube!C:C,A10,batching_results_cube!G:G) -> 4 | D10: 7
A11: 10000 | B11: =AVERAGEIF(baseline_results_cube!C:C,A11,baseline_results_cube!O:O) -> 10001 | C11: =AVERAGEIF(batching_results_cube!C:C,A11,batching_results_cube!G:G) -> 4 | D11: 7

Sheet instancing_results_cube
A1: testName | B1: mode | C1: objectCount | D1: repetition | E1: avgFps | F1: avgFrameTimeMs | G1: runtimeDrawCallsAvg | H1: objectRenderMeshInstances | I1: analysedGroupCount | J1: analysedBatchingCandidateGroups | K1: analysedLargestGroupSize | L1: optimisedAssignedObjectCount | M1: optimisedUsedGroupCount | N1: optimisedSkippedGroupCount
A2: instancing_cube_1000 | B2: instancing | C2: 1000 | D2: 1 | E2: 60.004 | F2: 16.666 | G2: 7 | H2: 3 | I2: 3 | J2: 3 | K2: 334 | L2: 1000 | M2: 3 | N2: 0
A3: instancing_cube_1000 | B3: instancing | C3: 1000 | D3: 2 | E3: 60.006 | F3: 16.665 | G3: 7 | H3: 3 | I3: 3 | J3: 3 | K3: 334 | L3: 1000 | M3: 3 | N3: 0
A4: instancing_cube_1000 | B4: instancing | C4: 1000 | D4: 3 | E4: 59.937 | F4: 16.722 | G4: 7 | H4: 3 | I4: 3 | J4: 3 | K4: 334 | L4: 1000 | M4: 3 | N4: 0
A5: instancing_cube_2000 | B5: instancing | C5: 2000 | D5: 1 | E5: 60.005 | F5: 16.666 | G5: 7 | H5: 3 | I5: 3 | J5: 3 | K5: 667 | L5: 2000 | M5: 3 | N5: 0
A6: instancing_cube_2000 | B6: instancing | C6: 2000 | D6: 2 | E6: 59.683 | F6: 16.862 | G6: 7 | H6: 3 | I6: 3 | J6: 3 | K6: 667 | L6: 2000 | M6: 3 | N6: 0
A7: instancing_cube_2000 | B7: instancing | C7: 2000 | D7: 3 | E7: 60.006 | F7: 16.666 | G7: 7 | H7: 3 | I7: 3 | J7: 3 | K7: 667 | L7: 2000 | M7: 3 | N7: 0
A8: instancing_cube_3000 | B8: instancing | C8: 3000 | D8: 1 | E8: 60.008 | F8: 16.665 | G8: 7 | H8: 3 | I8: 3 | J8: 3 | K8: 1000 | L8: 3000 | M8: 3 | N8: 0
A9: instancing_cube_3000 | B9: instancing | C9: 3000 | D9: 2 | E9: 60.006 | F9: 16.666 | G9: 7 | H9: 3 | I9: 3 | J9: 3 | K9: 1000 | L9: 3000 | M9: 3 | N9: 0
A10: instancing_cube_3000 | B10: instancing | C10: 3000 | D10: 3 | E10: 60.006 | F10: 16.666 | G10: 7 | H10: 3 | I10: 3 | J10: 3 | K10: 1000 | L10: 3000 | M10: 3 | N10: 0
A11: instancing_cube_4000 | B11: instancing | C11: 4000 | D11: 1 | E11: 59.921 | F11: 16.806 | G11: 7 | H11: 3 | I11: 3 | J11: 3 | K11: 1334 | L11: 4000 | M11: 3 | N11: 0
A12: instancing_cube_4000 | B12: instancing | C12: 4000 | D12: 2 | E12: 60.005 | F12: 16.666 | G12: 7 | H12: 3 | I12: 3 | J12: 3 | K12: 1334 | L12: 4000 | M12: 3 | N12: 0
A13: instancing_cube_4000 | B13: instancing | C13: 4000 | D13: 3 | E13: 60.007 | F13: 16.665 | G13: 7 | H13: 3 | I13: 3 | J13: 3 | K13: 1334 | L13: 4000 | M13: 3 | N13: 0
... A31: instancing_cube_10000 | B31: instancing | C31: 10000 | D31: 3 | E31: 59.957 | F31: 16.693 | G31: 7 | H31: 3 | I31: 3 | J31: 3 | K31: 3334 | L31: 10000 | M31: 3 | N31: 0

Sheet instacing_results_asset
A1: testName | B1: mode | C1: objectCount | D1: repetition | E1: avgFps | F1: avgFrameTimeMs | G1: runtimeDrawCallsAvg | H1: objectRenderMeshInstances | I1: analysedGroupCount | J1: analysedBatchingCandidateGroups | K1: analysedLargestGroupSize | L1: optimisedAssignedObjectCount | M1: optimisedUsedGroupCount | N1: optimisedSkippedGroupCount
A2: instancing_asset_10 | B2: instancing | C2: 10 | D2: 1 | E2: 59.768 | F2: 16.89 | G2: 21 | H2: 20 | I2: 2 | J2: 2 | K2: 10 | L2: 0 | M2: 0 | N2: 2
A3: instancing_asset_10 | B3: instancing | C3: 10 | D3: 2 | E3: 60.005 | F3: 16.666 | G3: 21 | H3: 20 | I3: 2 | J3: 2 | K3: 10 | L3: 0 | M3: 0 | N3: 2
A4: instancing_asset_10 | B4: instancing | C4: 10 | D4: 3 | E4: 59.956 | F4: 16.693 | G4: 21 | H4: 20 | I4: 2 | J4: 2 | K4: 10 | L4: 0 | M4: 0 | N4: 2
